Name,website_link,website_name,phone,Direction,category,find,near,email,website,competitor1,competitor2,competitor3,competitor4
Patio Heater Services,https://www.yelp.com/biz_redir?url=http%3A%2F%2Fwww.patioheaterservices.com&website_link_type=website&src_bizid=hAf2yVsfFREX6wbJi4Bm2g&cachebuster=1598369102&s=fc0c3591d3fe7a3a4e50eaadd5bb93b98dbecd787c507318f3d0a9b3e2bf6a2e,patioheaterservices.com,(619) 825-1100,-,Sponsored Result,hvac contractor,San Diego,browdy@patioheaterservices.com,Yelp,Reliable Standard Heating & Air,Duct Dynasty Heating & Air,Air Plus Heating & Cooling,Best HVAC in San Diego
Patio Heater Services,https://www.yelp.com/biz_redir?url=http%3A%2F%2Fwww.patioheaterservices.com&website_link_type=website&src_bizid=hAf2yVsfFREX6wbJi4Bm2g&cachebuster=1598369102&s=fc0c3591d3fe7a3a4e50eaadd5bb93b98dbecd787c507318f3d0a9b3e2bf6a2e,patioheaterservices.com,(619) 825-1100,-,Sponsored Result,hvac contractor,San Diego,jim@patioheaterservices.com,Yelp,Reliable Standard Heating & Air,Duct Dynasty Heating & Air,Air Plus Heating & Cooling,Best HVAC in San Diego
Dirt Cheap Air Duct Cleaning,https://www.yelp.com/biz_redir?url=https%3A%2F%2Fdirtcheapcleaning.com&website_link_type=website&src_bizid=3xv61-xTyAPiu2BpuRyZ3w&cachebuster=1598369136&s=fa7ef05871d1c4a7e7b9a7e7c84fae54ef0628cd9e91db2308c90c33485fa016,dirtcheapcleaning.com,(702) 948-8226,-,Sponsored Result,hvac contractor,San Diego,-,Yelp,Reliable Standard Heating & Air,Duct Dynasty Heating & Air,Air Plus Heating & Cooling,Best HVAC in San Diego
PIHELP Injury Clinics,https://www.yelp.com/biz_redir?url=http%3A%2F%2Fpihelp.com&website_link_type=website&src_bizid=xx0qgnsBOCn51b7cIFjAdA&cachebuster=1598369145&s=f6a0c5867d25cf60bdf59b390fae2180c346024412bd9404c02468cac4988045,pihelp.com,(801) 383-2483,https://www.yelp.com/map/pihelp-injury-clinics-san-antonio,Sponsored Result,chiropractor,San Antonio,-,Yelp,San Antonio Chiropractic,Huebner Chiropractic,The Joint Chiropractic,Pecan Valley Chiropractic
The Joint Chiropractic,https://www.yelp.com/biz_redir?url=https%3A%2F%2Fwww.thejoint.com%2Ftexas%2Fsan-antonio%2Falon-town-centre-28063&website_link_type=website&src_bizid=-zClXi12EZgKG1dTiPEyYw&cachebuster=1598369218&s=09239d7279dcc5a436ba8078fdae5bd6c30c0b5aa9184ed532469c089895a71c,thejoint.com,(210) 741-8665,https://www.yelp.com/map/the-joint-chiropractic-san-antonio-3,Sponsored Result,chiropractor,San Antonio,press@thejoint.com,Yelp,San Antonio Chiropractic,Huebner Chiropractic,The Joint Chiropractic,Pecan Valley Chiropractic
The Joint Chiropractic,https://www.yelp.com/biz_redir?url=https%3A%2F%2Fwww.thejoint.com%2Ftexas%2Fsan-antonio%2Falon-town-centre-28063&website_link_type=website&src_bizid=-zClXi12EZgKG1dTiPEyYw&cachebuster=1598369218&s=09239d7279dcc5a436ba8078fdae5bd6c30c0b5aa9184ed532469c089895a71c,thejoint.com,(210) 741-8665,https://www.yelp.com/map/the-joint-chiropractic-san-antonio-3,Sponsored Result,chiropractor,San Antonio,info@thejoint.com,Yelp,San Antonio Chiropractic,Huebner Chiropractic,The Joint Chiropractic,Pecan Valley Chiropractic
The Joint Chiropractic,https://www.yelp.com/biz_redir?url=https%3A%2F%2Fwww.thejoint.com%2Ftexas%2Fsan-antonio%2Falon-town-centre-28063&website_link_type=website&src_bizid=-zClXi12EZgKG1dTiPEyYw&cachebuster=1598369218&s=09239d7279dcc5a436ba8078fdae5bd6c30c0b5aa9184ed532469c089895a71c,thejoint.com,(210) 741-8665,https://www.yelp.com/map/the-joint-chiropractic-san-antonio-3,Sponsored Result,chiropractor,San Antonio,clinic28063@thejoint.com,Yelp,San Antonio Chiropractic,Huebner Chiropractic,The Joint Chiropractic,Pecan Valley Chiropractic
United Chiropractic,https://www.yelp.com/biz_redir?url=http%3A%2F%2Fwww.unitedchirosa.com&website_link_type=website&src_bizid=U2teHP5iZgEyk7tmxUR7Kg&cachebuster=1598369250&s=25695ebd83e60b8ca6d1ec94e8521bab71635c6622069732c650ce75548bd43b,unitedchirosa.com,(210) 640-3782,https://www.yelp.com/map/united-chiropractic-san-antonio,Sponsored Result,chiropractor,San Antonio,-,Yelp,San Antonio Chiropractic,Huebner Chiropractic,The Joint Chiropractic,Pecan Valley Chiropractic
Triple A Air Conditioning,https://www.yelp.com/biz_redir?url=https%3A%2F%2Fwww.dfwairconditioning.com&website_link_type=website&src_bizid=e8RUgXBmvgdjEl0EFF1s3Q&cachebuster=1598369255&s=9435b392fd7b2931b8abbdf9c212ea8577953d15d7cefa1fc89f556c8b36cb6a,dfwairconditioning.com,(972) 449-9822,https://www.yelp.com/map/triple-a-air-conditioning-irving-3,Sponsored Result,hvac contractor,Dallas,Info@dfwairconditioning.com,Yelp,Levy & Son Service Experts,"Aire Texas Residential Services, Inc.",On Time Experts,Enertia HVAC/R
Branton Company,https://www.yelp.com/biz_redir?url=http%3A%2F%2Fwww.brantoncompanyinctx.com&website_link_type=website&src_bizid=uv1OiqT81ThknSyqGXFOAQ&cachebuster=1598369307&s=3c9acd575a5d47627ddf8504b3e6326bcaf6007bd060a2f7f3d6f4c52a98a96e,brantoncompanyinctx.com,(972) 349-4488,https://www.yelp.com/map/branton-company-balch-springs-5,Sponsored Result,hvac contractor,Dallas,-,Yelp,Levy & Son Service Experts,"Aire Texas Residential Services, Inc.",On Time Experts,Enertia HVAC/R
Nimbus Brain & Spine,https://www.yelp.com/biz_redir?url=https%3A%2F%2Fnimbusbrainspine.com&website_link_type=website&src_bizid=HAiVDO5yOp7Ailq4bhNanA&cachebuster=1598369342&s=bf7b0e968098a232abb772d905957a77cf3fc2e569a4d9611e66c0e321fb658b,nimbusbrainspine.com,(858) 432-3072,https://www.yelp.com/map/nimbus-brain-and-spine-san-diego,Sponsored Result,chiropractor,San Diego,support@nimbusbrainspine.com,Yelp,San Diego Sports & Spine,LiveSmart Chiropractic & Rehabilitation,Gaslamp Chiropractic,Chiropractique
Chiropractique,https://www.yelp.com/biz_redir?url=http%3A%2F%2Fwww.chiropractiquesd.com&website_link_type=website&src_bizid=PcTCZmJxa_3PnlgDg_B56Q&cachebuster=1598369369&s=0ebe5a0fef1f7b6fa53403cd6fcc7dcfb661e64168525d70176b7e8734d14a93,chiropractiquesd.com,(619) 269-9909,https://www.yelp.com/map/chiropractique-san-diego,Sponsored Result,chiropractor,San Diego,-,Yelp,San Diego Sports & Spine,LiveSmart Chiropractic & Rehabilitation,Gaslamp Chiropractic,Chiropractique
Inner Balance Institute,https://www.yelp.com/biz_redir?url=http%3A%2F%2Fwww.innerbalanceinstitute.com&website_link_type=website&src_bizid=SedgkdP1zCY6di0pham04w&cachebuster=1598369403&s=2723df2fdc943b404dc46e9eef4f8c9ad93e3a24becbd58a6c4f537898f836ee,innerbalanceinstitute.com,(619) 543-9999,https://www.yelp.com/map/inner-balance-institute-san-diego-2,Sponsored Result,chiropractor,San Diego,-,Yelp,San Diego Sports & Spine,LiveSmart Chiropractic & Rehabilitation,Gaslamp Chiropractic,Chiropractique
Chiropractic Orthopedic Group Of San Diego,https://www.yelp.com/biz_redir?url=http%3A%2F%2Fwww.drtoro.com&website_link_type=website&src_bizid=6IWRKzR06d8SCdAHbqvLpA&cachebuster=1598369433&s=d9ef4f4f789ea4e040a101e05ddaafa2bb47f1e9d4d549ebd43e7b679cb5563c,drtoro.com,(858) 609-6503,https://www.yelp.com/map/chiropractic-orthopedic-group-of-san-diego-san-diego-4,Sponsored Result,chiropractor,San Diego,info@drtoro.com,Yelp,San Diego Sports & Spine,LiveSmart Chiropractic & Rehabilitation,Gaslamp Chiropractic,Chiropractique
"Leah Parsanko, DC",https://www.yelp.com/biz_redir?url=http%3A%2F%2Fwww.surfsidechiropracticarts.com&website_link_type=website&src_bizid=5B36EjlVyc-ycENIdpAIig&cachebuster=1598369459&s=ea9ac372891ecd41d0e3a1c26cb68ed52a7419ea58d1bcfcc63d1c5a287af1cf,surfsidechiropracticarts.com,(858) 538-8404,https://www.yelp.com/map/leah-parsanko-dc-encinitas-2,Sponsored Result,chiropractor,San Diego,drleahdc@gmail.com,Yelp,San Diego Sports & Spine,LiveSmart Chiropractic & Rehabilitation,Gaslamp Chiropractic,Chiropractique
San Diego Sports and Spine,https://www.yelp.com/biz_redir?url=http%3A%2F%2Fsdsportsandspine.com&website_link_type=website&src_bizid=mU0EFS83j6aSx6MCH75nRw&cachebuster=1598369485&s=01d3e4944bba7cca1d83a754dd43f6f97a593dbc0d875854fcc0c2713747ca72,sdsportsandspine.com,(858) 279-2121,https://www.yelp.com/map/san-diego-sports-and-spine-san-diego,Sponsored Result,chiropractor,San Diego,erikrosenbergchiro@yahoo.com,Yelp,San Diego Sports & Spine,LiveSmart Chiropractic & Rehabilitation,Gaslamp Chiropractic,Chiropractique
Life Adjusted Wellness,https://www.yelp.com/biz_redir?url=http%3A%2F%2Fwww.lifeadjustedwellness.com&website_link_type=website&src_bizid=qiFEPcau6jJLS7lf7NpekA&cachebuster=1598369512&s=1431c68e8156531e2a5ef256a6bcf3d8502a9a9ea9fb123cdbf1465f7417ee8d,lifeadjustedwellness.com,(619) 320-2324,https://www.yelp.com/map/life-adjusted-wellness-san-diego,Sponsored Result,chiropractor,San Diego,hello@lifeadjustedwellness.com,Yelp,San Diego Sports & Spine,LiveSmart Chiropractic & Rehabilitation,Gaslamp Chiropractic,Chiropractique
On The Go Chiro,https://www.yelp.com/biz_redir?url=http%3A%2F%2Fwww.onthegochirosd.com&website_link_type=website&src_bizid=Fwn4dDfr1PeTgWc_rb98iw&cachebuster=1598369553&s=b2419b3906c0ef4a43b038167e7457607d83b843b3a7e8e91a46c905be6815b7,onthegochirosd.com,(619) 885-8288,https://www.yelp.com/map/on-the-go-chiro-san-diego,Sponsored Result,chiropractor,San Diego,DrPenny@OnTheGoChiroSD.com,Yelp,San Diego Sports & Spine,LiveSmart Chiropractic & Rehabilitation,Gaslamp Chiropractic,Chiropractique
Kupper Health Center,https://www.yelp.com/biz_redir?url=http%3A%2F%2Fkupperhealthcenter.com&website_link_type=website&src_bizid=hUKJbM0tdjVrolmWSHu1hg&cachebuster=1598369576&s=70bb4063ea68e6530bdc39a0e33a1cc6dd2599a8c0983803db50c5fde9340a89,kupperhealthcenter.com,(760) 452-0065,https://www.yelp.com/map/kupper-health-center-encinitas,Sponsored Result,chiropractor,San Diego,kupperhealthcenter@gmail.com,Yelp,San Diego Sports & Spine,LiveSmart Chiropractic & Rehabilitation,Gaslamp Chiropractic,Chiropractique
"Travis Fahey, DC",https://www.yelp.com/biz_redir?url=https%3A%2F%2Fwww.drtravisfahey.com&website_link_type=website&src_bizid=lCPK_i-o6Se_QV5sQsJjiQ&cachebuster=1598369662&s=6f8bfea42a1a338aaf9df6a2f9a09a0652772a44817a34fc1f114ea23c8b9b0a,drtravisfahey.com,(972) 213-8559,https://www.yelp.com/map/travis-fahey-dc-dallas,Sponsored Result,chiropractor,Dallas,-,Yelp,Dallas Wellness Center,Inwood Chiropractic And Wellness Center,The Joint Chiropractic,Manning Wellness Clinic
North Texas Healing Center,https://www.yelp.com/biz_redir?url=http%3A%2F%2Fnorthtexashealingcenter.com&website_link_type=website&src_bizid=BE7Nanxn3CsJj4dzy_TcjA&cachebuster=1598369746&s=a7a959ec2f8c9535351f6b79018bfe907b79f690060ba9d22dada3f1e1b34bcc,northtexashealingcenter.com,(214) 705-9369,https://www.yelp.com/map/north-texas-healing-center-frisco-3,Sponsored Result,chiropractor,Dallas,ntxhealingcenter@gmail.com,Yelp,Dallas Wellness Center,Inwood Chiropractic And Wellness Center,The Joint Chiropractic,Manning Wellness Clinic
Inwood Chiropractic and Wellness Center,-,-,(214) 902-0092,https://www.yelp.com/map/inwood-chiropractic-and-wellness-center-dallas,Sponsored Result,chiropractor,Dallas,-,Yelp,Dallas Wellness Center,Inwood Chiropractic And Wellness Center,The Joint Chiropractic,Manning Wellness Clinic
Accident & Injury Chiropractic,https://www.yelp.com/biz_redir?url=https%3A%2F%2Faccidentandinjury.com%2F%3Futm_source%3Dyelp&website_link_type=website&src_bizid=afBcxA8YjxtQiUgSJZRVTg&cachebuster=1598369786&s=14c12c8730d6d9c3ececbb81701c44d6921a98d8c2f4de10abf23c80228eb3d1,accinj.com,(214) 946-7246,https://www.yelp.com/map/accident-and-injury-chiropractic-dallas-6,Sponsored Result,chiropractor,Dallas,-,Yelp,Dallas Wellness Center,Inwood Chiropractic And Wellness Center,The Joint Chiropractic,Manning Wellness Clinic
